agent_permissions.whatsapp_number_ids	src/app/api/whatsapp/conversations/route.ts:82 (select)
ai_agent_configs.provider	src/app/api/whatsapp/agents/route.ts:639 (upsert)
api_keys.status	src/app/api/webhooks/custom-event/route.ts:55 (select)
contact_invoices.deal_id	src/app/api/whatsapp/inbox/contacts/[id]/invoices/route.ts:113 (insert)
contact_invoices.notes	src/app/api/whatsapp/inbox/contacts/[id]/invoices/route.ts:113 (insert)
contact_invoices.parsed_data	src/app/api/whatsapp/inbox/contacts/[id]/invoices/route.ts:113 (insert)
contact_invoices.pdf_url	src/app/api/whatsapp/inbox/contacts/[id]/invoices/route.ts:113 (insert)
contact_rfm_scores.avg_order_value	src/lib/services/whatsapp/rfm-service.ts:108 (upsert)
contact_rfm_scores.days_since_last_order	src/lib/services/whatsapp/rfm-service.ts:108 (upsert)
contact_rfm_scores.total_spent	src/lib/services/whatsapp/rfm-service.ts:108 (upsert)
contact_tags.tag_id	src/lib/automation/actions/index.ts:199 (insert)
deal_activities.organization_id	src/app/api/deals/[id]/activities/route.ts:66 (insert)
deal_stage_history.created_at	src/app/api/deal-time-tracking/route.ts:137 (select)
deal_stage_history.time_in_previous_stage_minutes	src/app/api/deal-time-tracking/route.ts:155 (insert)
deals.organization_id	src/app/api/deals/route.ts:331 (insert)
flow_webhooks.created_by	src/app/api/automations/webhooks/route.ts:160 (insert)
flow_webhooks.name	src/app/api/automations/webhooks/route.ts:58 (select)
instagram_accounts.error_message	src/app/api/instagram/accounts/route.ts:90 (update)
instagram_accounts.instagram_user_id	src/app/api/instagram/auth/connect/route.ts:74 (insert)
instagram_accounts.last_error_at	src/app/api/instagram/accounts/route.ts:90 (update)
instagram_accounts.last_error_message	src/app/api/instagram/auth/connect/route.ts:48 (update)
instagram_accounts.last_message_at	src/app/api/instagram/webhook/route.ts:242 (update)
instagram_accounts.last_webhook_at	src/app/api/instagram/webhook/route.ts:242 (update)
instagram_accounts.media_count	src/app/api/instagram/accounts/route.ts:90 (update)
instagram_accounts.messages_received_today	src/app/api/instagram/webhook/route.ts:242 (update)
instagram_accounts.total_messages_received	src/app/api/instagram/webhook/route.ts:242 (update)
instagram_conversations.is_window_open	src/app/api/instagram/messages/route.ts:155 (update)
instagram_conversations.last_customer_message_at	src/app/api/instagram/webhook/route.ts:228 (update)
instagram_conversations.last_message_direction	src/app/api/instagram/webhook/route.ts:228 (update)
instagram_conversations.window_expires_at	src/app/api/instagram/webhook/route.ts:228 (update)
installed_integrations.credentials_encrypted	src/app/api/webhooks/[token]/route.ts:554 (select)
installed_integrations.last_error_at	src/app/api/webhooks/[token]/route.ts:148 (update)
installed_integrations.store_id	src/app/api/instagram/auth/connect/route.ts:117 (upsert)
integration_health_logs.details	src/lib/services/integration-health/health-checker.ts:294 (insert)
integration_health_logs.integration_name	src/lib/services/integration-health/health-checker.ts:294 (insert)
integrations.config	src/app/api/ai/agents/[id]/integrations/route.ts:47 (select)
integrations.type	src/app/api/ai/agents/[id]/integrations/route.ts:47 (select)
klaviyo_accounts.updated_at	src/app/api/klaviyo/route.ts:1446 (update)
knowledge_bases.chunk_overlap	src/app/api/ai/knowledge/route.ts:28 (select)
knowledge_bases.chunk_size	src/app/api/ai/knowledge/route.ts:28 (select)
knowledge_bases.embedding_model	src/app/api/ai/knowledge/route.ts:28 (select)
knowledge_bases.updated_at	src/app/api/ai/knowledge/route.ts:28 (select)
lgpd_retention_policies.last_run_at	src/app/api/cron/lgpd-retention/route.ts:152 (update)
oauth_states.data	src/app/api/instagram/auth/route.ts:37 (upsert)
oauth_states.nonce	src/lib/oauth-security.ts:176 (insert)
oauth_states.state_token	src/app/api/instagram/auth/route.ts:37 (upsert)
oauth_states.used_at	src/lib/oauth-security.ts:176 (insert)
oauth_states.user_id	src/lib/oauth-security.ts:176 (insert)
pipeline_stage_transitions.organization_id	src/app/api/pipelines/[id]/transitions/route.ts:151 (insert)
pipelines.organization_id	src/app/api/crm/pipelines/route.ts:144 (insert)
segments.store_id	src/lib/segments/resolver.ts:76 (select)
shopify_checkouts.cart_token	src/app/api/automations/runs/route.ts:130 (select)
shopify_checkouts.checkout_token	src/app/api/automations/runs/route.ts:130 (select)
shopify_orders.order_status_url	src/app/api/automations/email-preview/route.ts:502 (select)
shopify_orders.payment_gateway	src/app/api/automations/email-preview/route.ts:502 (select)
shopify_orders.shopify_id	src/lib/webhook-security.ts:431 (upsert)
shopify_orders.total_shipping	src/lib/services/shopify-metrics.ts:73 (select)
shopify_orders.tracking_number	src/app/api/email/campaigns/send-batch/route.ts:373 (select)
shopify_orders.tracking_url	src/app/api/email/campaigns/send-batch/route.ts:373 (select)
shopify_products.total_inventory	src/app/api/whatsapp/back-in-stock/route.ts:178 (select)
shopify_stores.metrics	src/app/api/shopify/sync/route.ts:247 (update)
shopify_stores.suppressed	src/app/api/webhooks/shopify/route.ts:2935 (update)
tiktok_accounts.needs_reauth	src/lib/tiktok/token-manager.ts:189 (select)
whatsapp_accounts.business_name	src/app/api/debug/route.ts:201 (select)
whatsapp_accounts.is_connected	src/app/api/debug/route.ts:201 (select)
whatsapp_agent_assignments.resolved_at	src/app/api/whatsapp/agents/route.ts:257 (update)
whatsapp_agents.is_available	src/app/api/whatsapp/agents/status/route.ts:125 (update)
whatsapp_chat_tags.description	src/app/api/whatsapp/tags/route.ts:94 (insert)
whatsapp_configs.business_account_id	src/app/api/whatsapp/route.ts:415 (select)
whatsapp_conversations.assigned_at	src/app/api/queue/assign/route.ts:140 (update)
whatsapp_conversations.pipeline_stage_id	src/app/api/ai/test/route.ts:467 (select)
whatsapp_messages.external_id	src/app/api/whatsapp/route.ts:187 (insert)
whatsapp_messages.media_type	src/app/api/whatsapp/route.ts:187 (insert)
whatsapp_messages.sender_name	src/lib/services/whatsapp/message-service.ts:149 (insert)
whatsapp_messages.type	src/app/api/whatsapp/messages/route.ts:168 (insert)
whatsapp_messages.wa_message_id	src/app/api/ai/test/webhook/route.ts:210 (insert)
whatsapp_quick_replies.created_by	src/app/api/whatsapp/inbox/quick-replies/route.ts:76 (insert)
whatsapp_quick_replies.last_used_at	src/app/api/whatsapp/inbox/quick-replies/[id]/route.ts:93 (update)
whatsapp_quick_replies.media_filename	src/app/api/whatsapp/inbox/quick-replies/route.ts:76 (insert)
whatsapp_quick_replies.media_type	src/app/api/whatsapp/inbox/quick-replies/route.ts:76 (insert)
whatsapp_quick_replies.media_url	src/app/api/whatsapp/inbox/quick-replies/route.ts:76 (insert)
whatsapp_quick_replies.use_count	src/app/api/whatsapp/inbox/quick-replies/[id]/route.ts:93 (update)
whatsapp_tags.usage_count	src/lib/services/whatsapp/conversation-service.ts:521 (update)
